id,sentiment
0,positive
1,neutral
2,neutral
3,neutral
4,neutral
5,positive
6,neutral
7,negative
8,positive
9,negative
10,neutral
11,negative
12,negative
13,neutral
14,negative
15,neutral
16,neutral
17,neutral
18,positive
19,neutral
20,negative
21,positive
22,negative
23,positive
24,neutral
25,neutral
26,positive
27,positive
28,neutral
29,neutral
30,neutral
31,positive
32,neutral
33,neutral
34,positive
35,negative
36,negative
37,neutral
38,negative
39,positive
40,neutral
41,positive
42,positive
43,negative
44,neutral
45,positive
46,negative
47,neutral
48,neutral
49,positive
50,neutral
51,positive
52,positive
53,negative
54,positive
55,neutral
56,neutral
57,positive
58,negative
59,positive
60,negative
61,neutral
62,neutral
63,neutral
64,neutral
65,positive
66,neutral
67,positive
68,positive
69,neutral
70,neutral
71,neutral
72,positive
73,positive
74,neutral
75,neutral
76,neutral
77,neutral
78,neutral
79,neutral
80,neutral
81,negative
82,positive
83,neutral
84,positive
85,positive
86,neutral
87,positive
88,neutral
89,negative
90,neutral
91,positive
92,neutral
93,negative
94,neutral
95,positive
96,positive
97,negative
98,neutral
99,neutral
100,positive
101,neutral
102,neutral
103,negative
104,positive
105,neutral
106,neutral
107,neutral
108,neutral
109,positive
110,neutral
111,positive
112,positive
113,positive
114,positive
115,positive
116,negative
117,neutral
118,positive
119,negative
120,positive
121,negative
122,positive
123,negative
124,neutral
125,positive
126,neutral
127,positive
128,neutral
129,negative
130,positive
131,neutral
132,positive
133,positive
134,neutral
135,neutral
136,positive
137,neutral
138,neutral
139,neutral
140,negative
141,negative
142,positive
143,positive
144,neutral
145,negative
146,neutral
147,positive
148,positive
149,positive
150,neutral
151,negative
152,positive
153,positive
154,positive
155,positive
156,neutral
157,negative
158,positive
159,neutral
160,negative
161,negative
162,positive
163,negative
164,neutral
165,neutral
166,positive
167,neutral
168,negative
169,negative
170,positive
171,positive
172,neutral
173,neutral
174,positive
175,negative
176,neutral
177,neutral
178,negative
179,negative
180,neutral
181,positive
182,negative
183,neutral
184,positive
185,negative
186,negative
187,positive
188,neutral
189,neutral
190,positive
191,positive
192,negative
193,negative
194,negative
195,negative
196,neutral
197,positive
198,positive
199,neutral
200,positive
201,neutral
202,positive
203,negative
204,negative
205,positive
206,neutral
207,negative
208,negative
209,positive
210,positive
211,positive
212,negative
213,neutral
214,neutral
215,positive
216,neutral
217,neutral
218,neutral
219,negative
220,negative
221,negative
222,positive
223,negative
224,positive
225,neutral
226,positive
227,negative
228,positive
229,negative
230,neutral
231,negative
232,neutral
233,neutral
234,positive
235,negative
236,positive
237,neutral
238,neutral
239,neutral
240,neutral
241,negative
242,negative
243,positive
244,neutral
245,positive
246,positive
247,neutral
248,positive
249,neutral
250,neutral
251,neutral
252,neutral
253,neutral
254,neutral
255,negative
256,negative
257,neutral
258,neutral
259,negative
260,negative
261,negative
262,negative
263,negative
264,positive
265,positive
266,negative
267,positive
268,negative
269,negative
270,negative
271,positive
272,positive
273,neutral
274,neutral
275,negative
276,negative
277,negative
278,neutral
279,positive
280,negative
281,positive
282,neutral
283,neutral
284,negative
285,neutral
286,neutral
287,neutral
288,neutral
289,neutral
290,neutral
291,neutral
292,negative
293,positive
294,positive
295,neutral
296,positive
297,positive
298,positive
299,positive
300,negative
301,negative
302,positive
303,positive
304,positive
305,neutral
306,positive
307,positive
308,neutral
309,positive
310,negative
311,positive
312,positive
313,neutral
314,neutral
315,positive
316,negative
317,neutral
318,neutral
319,negative
320,positive
321,neutral
322,positive
323,positive
324,neutral
325,positive
326,neutral
327,negative
328,negative
329,positive
330,positive
331,positive
332,neutral
333,positive
334,positive
335,positive
336,positive
337,negative
338,negative
339,positive
340,negative
341,neutral
342,negative
343,positive
344,neutral
345,negative
346,positive
347,neutral
348,negative
349,positive
350,negative
351,negative
352,neutral
353,negative
354,positive
355,positive
356,positive
357,negative
358,neutral
359,neutral
360,negative
361,neutral
362,neutral
363,negative
364,positive
365,positive
366,positive
367,neutral
368,neutral
369,positive
370,neutral
371,neutral
372,positive
373,neutral
374,positive
375,neutral
376,neutral
377,neutral
378,neutral
379,neutral
380,positive
381,positive
382,positive
383,neutral
384,negative
385,positive
386,neutral
387,negative
388,negative
389,neutral
390,negative
391,negative
392,neutral
393,positive
394,negative
395,negative
396,positive
397,negative
398,positive
399,positive
400,positive
401,neutral
402,negative
403,positive
404,negative
405,positive
406,neutral
407,neutral
408,positive
409,neutral
410,negative
411,negative
412,positive
413,neutral
414,neutral
415,positive
416,neutral
417,negative
418,positive
419,positive
420,neutral
421,negative
422,neutral
423,neutral
424,negative
425,negative
426,neutral
427,positive
428,positive
429,neutral
430,negative
431,negative
432,neutral
433,neutral
434,negative
435,neutral
436,negative
437,positive
438,positive
439,neutral
440,negative
441,neutral
442,neutral
443,positive
444,neutral
445,neutral
446,negative
447,positive
448,positive
449,negative
450,negative
451,positive
452,negative
453,neutral
454,positive
455,negative
456,neutral
457,neutral
458,neutral
459,neutral
460,neutral
461,neutral
462,positive
463,negative
464,neutral
465,neutral
466,positive
467,positive
468,neutral
469,negative
470,positive
471,negative
472,positive
473,positive
474,neutral
475,neutral
476,positive
477,negative
478,neutral
479,neutral
480,positive
481,negative
482,positive
483,neutral
484,neutral
485,neutral
486,negative
487,neutral
488,negative
489,neutral
490,neutral
491,negative
492,neutral
493,neutral
494,positive
495,neutral
496,neutral
497,negative
498,negative
499,positive
500,negative
501,positive
502,neutral
503,neutral
504,neutral
505,positive
506,positive
507,neutral
508,positive
509,neutral
510,neutral
511,neutral
512,neutral
513,negative
514,neutral
515,neutral
516,negative
517,negative
518,neutral
519,negative
520,neutral
521,positive
522,positive
523,neutral
524,positive
525,neutral
526,negative
527,positive
528,positive
529,negative
530,neutral
531,positive
532,positive
533,neutral
534,neutral
535,neutral
536,positive
537,neutral
538,positive
539,negative
540,neutral
541,neutral
542,positive
543,negative
544,positive
545,negative
546,negative
547,positive
548,positive
549,neutral
550,neutral
551,neutral
552,positive
553,positive
554,positive
555,negative
556,neutral
557,negative
558,positive
559,negative
560,positive
561,positive
562,negative
563,positive
564,positive
565,negative
566,neutral
567,neutral
568,negative
569,positive
570,neutral
571,positive
572,positive
573,positive
574,neutral
575,neutral
576,positive
577,negative
578,neutral
579,neutral
580,negative
581,neutral
582,neutral
583,neutral
584,positive
585,neutral
586,neutral
587,positive
588,negative
589,neutral
590,negative
591,positive
592,neutral
593,neutral
594,neutral
595,positive
596,negative
597,neutral
598,neutral
599,positive
600,positive
601,negative
602,positive
603,positive
604,negative
605,neutral
606,negative
607,neutral
608,negative
609,positive
610,neutral
611,neutral
612,neutral
613,positive
614,positive
615,positive
616,neutral
617,neutral
618,positive
619,neutral
620,positive
621,negative
622,positive
623,positive
624,negative
625,negative
626,neutral
627,negative
628,negative
629,positive
630,positive
631,negative
632,positive
633,negative
634,positive
635,negative
636,neutral
637,negative
638,positive
639,neutral
640,positive
641,negative
642,neutral
643,neutral
644,positive
645,neutral
646,negative
647,neutral
648,positive
649,neutral
650,neutral
651,positive
652,negative
653,neutral
654,negative
655,neutral
656,neutral
657,neutral
658,positive
659,positive
660,neutral
661,neutral
662,negative
663,positive
664,neutral
665,negative
666,neutral
667,neutral
668,neutral
669,neutral
670,positive
671,neutral
672,neutral
673,neutral
674,negative
675,positive
676,neutral
677,negative
678,neutral
679,negative
680,positive
681,neutral
682,neutral
683,negative
684,neutral
685,positive
686,negative
687,positive
688,neutral
689,neutral
690,neutral
691,positive
692,positive
693,neutral
694,neutral
695,negative
696,neutral
697,positive
698,positive
699,negative
700,neutral
701,positive
702,positive
703,positive
704,neutral
705,neutral
706,neutral
707,neutral
708,negative
709,positive
710,negative
711,negative
712,negative
713,negative
714,positive
715,neutral
716,positive
717,neutral
718,neutral
719,negative
720,positive
721,negative
722,positive
723,neutral
724,neutral
725,neutral
726,positive
727,positive
728,positive
729,positive
730,negative
731,neutral
732,neutral
733,negative
734,positive
735,positive
736,positive
737,neutral
738,positive
739,negative
740,neutral
741,positive
742,positive
743,negative
744,neutral
745,positive
746,neutral
747,negative
748,negative
749,negative
750,neutral
751,neutral
752,neutral
753,positive
754,neutral
755,neutral
756,negative
757,positive
758,negative
759,negative
760,positive
761,negative
762,negative
763,positive
764,neutral
765,neutral
766,negative
767,negative
768,negative
769,neutral
770,neutral
771,positive
772,positive
773,neutral
774,neutral
775,neutral
776,neutral
777,positive
778,negative
779,neutral
780,positive
781,positive
782,neutral
783,positive
784,neutral
785,positive
786,negative
787,neutral
788,positive
789,neutral
790,negative
791,neutral
792,neutral
793,positive
794,positive
795,neutral
796,neutral
797,negative
798,positive
799,neutral
800,negative
801,negative
802,negative
803,neutral
804,positive
805,neutral
806,negative
807,neutral
808,neutral
809,neutral
810,neutral
811,positive
812,neutral
813,negative
814,negative
815,neutral
816,neutral
817,neutral
818,neutral
819,negative
820,neutral
821,neutral
822,positive
823,neutral
824,negative
825,neutral
826,negative
827,positive
828,positive
829,positive
830,negative
831,neutral
832,neutral
833,negative
834,neutral
835,neutral
836,positive
837,neutral
838,positive
839,negative
840,negative
841,neutral
842,neutral
843,negative
844,negative
845,neutral
846,positive
847,negative
848,positive
849,negative
850,neutral
851,positive
852,neutral
853,neutral
854,positive
855,neutral
856,positive
857,positive
858,negative
859,neutral
860,neutral
861,positive
862,positive
863,neutral
864,negative
865,neutral
866,negative
867,positive
868,positive
869,positive
870,neutral
871,negative
872,positive
873,negative
874,positive
875,neutral
876,neutral
877,neutral
878,negative
879,neutral
880,neutral
881,positive
882,negative
883,negative
884,negative
885,negative
886,positive
887,neutral
888,negative
889,positive
890,negative
891,negative
892,positive
893,neutral
894,negative
895,negative
896,neutral
897,positive
898,negative
899,neutral
900,positive
901,positive
902,neutral
903,neutral
904,neutral
905,negative
906,positive
907,neutral
908,neutral
909,neutral
910,neutral
911,negative
912,positive
913,positive
914,positive
915,positive
916,neutral
917,neutral
918,negative
919,negative
920,negative
921,neutral
922,negative
923,neutral
924,negative
925,positive
926,negative
927,positive
928,neutral
929,neutral
930,negative
931,neutral
932,positive
933,neutral
934,negative
935,negative
936,neutral
937,negative
938,positive
939,neutral
940,positive
941,neutral
942,negative
943,negative
944,positive
945,negative
946,neutral
947,negative
948,positive
949,negative
950,positive
951,neutral
952,neutral
953,neutral
954,neutral
955,negative
956,neutral
957,positive
958,negative
959,neutral
960,negative
961,positive
962,negative
963,negative
964,positive
965,positive
966,negative
967,positive
968,neutral
969,negative
970,positive
971,negative
972,positive
973,positive
974,positive
975,negative
976,neutral
977,positive
978,positive
979,neutral
980,neutral
981,negative
982,neutral
983,neutral
984,neutral
985,neutral
986,negative
987,neutral
988,positive
989,negative
990,positive
991,neutral
992,neutral
993,negative
994,positive
995,neutral
996,neutral
997,negative
998,neutral
999,neutral
1000,positive
1001,positive
1002,neutral
1003,negative
1004,positive
1005,negative
1006,negative
1007,negative
1008,positive
1009,negative
1010,positive
1011,positive
1012,neutral
1013,negative
1014,neutral
1015,neutral
1016,positive
1017,neutral
1018,negative
1019,neutral
1020,neutral
1021,positive
1022,positive
1023,negative
1024,neutral
1025,neutral
1026,neutral
1027,negative
1028,positive
1029,neutral
1030,negative
1031,negative
1032,neutral
1033,positive
1034,negative
1035,neutral
1036,neutral
1037,positive
1038,positive
1039,positive
1040,neutral
1041,neutral
1042,positive
1043,neutral
1044,positive
1045,positive
1046,positive
1047,negative
1048,positive
1049,negative
1050,neutral
1051,neutral
1052,negative
1053,positive
1054,neutral
1055,negative
1056,neutral
1057,positive
1058,positive
1059,positive
1060,neutral
1061,neutral
1062,negative
1063,positive
1064,neutral
1065,negative
1066,negative
1067,neutral
1068,neutral
1069,neutral
1070,negative
1071,positive
1072,neutral
1073,neutral
1074,negative
1075,neutral
1076,positive
1077,negative
1078,positive
1079,neutral
1080,neutral
1081,neutral
1082,neutral
1083,positive
1084,neutral
1085,neutral
1086,neutral
1087,neutral
1088,negative
1089,neutral
1090,neutral
1091,positive
1092,positive
1093,neutral
1094,neutral
1095,neutral
1096,neutral
1097,positive
1098,neutral
1099,neutral
1100,negative
1101,neutral
1102,neutral
1103,neutral
1104,negative
1105,positive
1106,positive
1107,negative
1108,negative
1109,negative
1110,positive
1111,neutral
1112,negative
1113,negative
1114,negative
1115,neutral
1116,negative
1117,negative
1118,neutral
1119,negative
1120,negative
1121,neutral
1122,positive
1123,positive
1124,negative
1125,positive
1126,negative
1127,neutral
1128,positive
1129,negative
1130,neutral
1131,neutral
1132,neutral
1133,neutral
1134,neutral
1135,positive
1136,neutral
1137,negative
1138,negative
1139,negative
1140,negative
1141,positive
1142,positive
1143,positive
1144,neutral
1145,neutral
1146,neutral
1147,neutral
1148,negative
1149,neutral
1150,negative
1151,positive
1152,neutral
1153,neutral
1154,negative
1155,negative
1156,negative
1157,positive
1158,positive
1159,negative
1160,neutral
1161,negative
1162,neutral
1163,negative
1164,neutral
1165,positive
1166,neutral
1167,positive
1168,neutral
1169,neutral
1170,positive
1171,positive
1172,positive
1173,negative
1174,neutral
1175,neutral
1176,positive
1177,neutral
1178,negative
1179,neutral
1180,positive
1181,neutral
1182,positive
1183,negative
1184,neutral
1185,positive
1186,negative
1187,neutral
1188,positive
1189,neutral
1190,negative
1191,negative
1192,neutral
1193,neutral
1194,positive
1195,neutral
1196,positive
1197,negative
1198,positive
1199,positive
1200,neutral
1201,positive
1202,negative
1203,neutral
1204,positive
1205,neutral
1206,positive
1207,negative
1208,neutral
1209,neutral
1210,neutral
1211,positive
1212,positive
1213,positive
1214,negative
1215,positive
1216,negative
1217,neutral
1218,neutral
1219,neutral
1220,neutral
1221,positive
1222,positive
1223,negative
1224,neutral
1225,positive
1226,neutral
1227,negative
1228,positive
1229,positive
1230,positive
1231,neutral
1232,neutral
1233,positive
1234,negative
1235,negative
1236,neutral
1237,neutral
1238,negative
1239,negative
1240,neutral
1241,neutral
1242,positive
1243,negative
1244,positive
1245,positive
1246,neutral
1247,negative
1248,neutral
1249,negative
1250,neutral
1251,neutral
1252,positive
1253,positive
1254,positive
1255,positive
1256,neutral
1257,neutral
1258,neutral
1259,negative
1260,positive
1261,neutral
1262,neutral
1263,neutral
1264,neutral
1265,positive
1266,neutral
1267,negative
1268,neutral
1269,neutral
1270,positive
1271,positive
1272,positive
1273,positive
1274,neutral
1275,neutral
1276,neutral
1277,neutral
1278,positive
1279,negative
1280,neutral
1281,negative
1282,negative
1283,positive
1284,negative
1285,neutral
1286,neutral
1287,neutral
1288,negative
1289,neutral
1290,negative
1291,neutral
1292,positive
1293,neutral
1294,neutral
1295,neutral
1296,neutral
1297,negative
1298,negative
1299,neutral
1300,positive
1301,neutral
1302,positive
1303,positive
1304,neutral
1305,negative
1306,neutral
1307,positive
1308,neutral
1309,neutral
1310,neutral
1311,negative
1312,neutral
1313,negative
1314,negative
1315,neutral
1316,negative
1317,negative
1318,neutral
1319,positive
1320,neutral
1321,positive
1322,positive
1323,negative
1324,neutral
1325,positive
1326,neutral
1327,negative
1328,positive
1329,negative
1330,neutral
1331,neutral
1332,neutral
1333,neutral
1334,neutral
1335,negative
1336,neutral
1337,neutral
1338,negative
1339,positive
1340,neutral
1341,positive
1342,negative
1343,positive
1344,positive
1345,negative
1346,negative
1347,neutral
1348,negative
1349,neutral
1350,positive
1351,positive
1352,negative
1353,positive
1354,neutral
1355,negative
1356,positive
1357,neutral
1358,neutral
1359,neutral
1360,neutral
1361,negative
1362,negative
1363,neutral
1364,negative
1365,positive
1366,positive
1367,negative
1368,positive
1369,negative
1370,negative
1371,negative
1372,neutral
1373,positive
1374,neutral
1375,neutral
1376,positive
1377,positive
1378,negative
1379,neutral
1380,positive
1381,positive
1382,positive
1383,positive
1384,neutral
1385,positive
1386,negative
1387,negative
1388,negative
1389,positive
1390,neutral
1391,negative
1392,positive
1393,negative
1394,neutral
1395,negative
1396,neutral
1397,neutral
1398,positive
1399,positive
1400,positive
1401,neutral
1402,positive
1403,positive
1404,neutral
1405,positive
1406,positive
1407,neutral
1408,negative
1409,neutral
1410,neutral
1411,negative
1412,neutral
1413,positive
1414,negative
1415,negative
1416,negative
1417,neutral
1418,neutral
1419,negative
1420,neutral
1421,neutral
1422,negative
1423,neutral
1424,positive
1425,neutral
1426,negative
1427,neutral
1428,positive
1429,neutral
1430,negative
1431,neutral
1432,negative
1433,neutral
1434,neutral
1435,neutral
1436,neutral
1437,neutral
1438,positive
1439,negative
1440,neutral
1441,negative
1442,neutral
1443,negative
1444,positive
1445,positive
1446,positive
1447,positive
1448,neutral
1449,positive
1450,neutral
1451,positive
1452,positive
1453,positive
1454,neutral
1455,neutral
1456,neutral
1457,neutral
1458,neutral
1459,negative
1460,negative
1461,negative
1462,neutral
1463,positive
1464,negative
1465,neutral
1466,positive
1467,negative
1468,negative
1469,neutral
1470,neutral
1471,negative
1472,negative
1473,positive
1474,neutral
1475,neutral
1476,positive
1477,neutral
1478,neutral
1479,positive
1480,neutral
1481,positive
1482,negative
1483,positive
1484,positive
1485,neutral
1486,positive
1487,negative
1488,neutral
1489,negative
1490,neutral
1491,negative
1492,neutral
1493,positive
1494,negative
1495,neutral
1496,positive
1497,neutral
1498,negative
1499,negative
1500,negative
1501,positive
1502,positive
1503,positive
1504,positive
1505,positive
1506,positive
1507,neutral
1508,positive
1509,positive
1510,neutral
1511,neutral
1512,neutral
1513,neutral
1514,positive
1515,positive
1516,neutral
1517,negative
1518,neutral
1519,neutral
1520,neutral
1521,negative
1522,neutral
1523,neutral
1524,neutral
1525,neutral
1526,positive
1527,neutral
1528,negative
1529,neutral
1530,positive
1531,negative
1532,negative
1533,negative
1534,neutral
1535,negative
1536,neutral
1537,negative
1538,positive
1539,positive
1540,neutral
1541,neutral
1542,neutral
1543,positive
1544,positive
1545,negative
1546,negative
1547,neutral
1548,negative
1549,neutral
1550,positive
1551,negative
1552,positive
1553,negative
1554,neutral
1555,neutral
1556,negative
1557,neutral
1558,negative
1559,positive
1560,neutral
1561,neutral
1562,neutral
1563,positive
1564,neutral
1565,neutral
1566,neutral
1567,positive
1568,neutral
1569,neutral
1570,positive
1571,positive
1572,neutral
1573,negative
1574,neutral
1575,positive
1576,negative
1577,negative
1578,negative
1579,neutral
1580,negative
1581,neutral
1582,positive
1583,negative
1584,neutral
1585,negative
1586,negative
1587,neutral
1588,neutral
1589,negative
1590,neutral
1591,positive
1592,positive
1593,positive
1594,negative
1595,neutral
1596,neutral
1597,neutral
1598,neutral
1599,positive
1600,neutral
1601,negative
1602,neutral
1603,neutral
1604,positive
1605,neutral
1606,positive
1607,neutral
1608,negative
1609,neutral
1610,neutral
1611,neutral
1612,negative
1613,negative
1614,positive
1615,neutral
1616,neutral
1617,negative
1618,positive
1619,neutral
1620,neutral
1621,negative
1622,negative
1623,neutral
1624,positive
1625,positive
1626,positive
1627,neutral
1628,negative
1629,neutral
1630,positive
1631,positive
1632,positive
1633,neutral
1634,neutral
1635,positive
1636,positive
1637,negative
1638,positive
1639,negative
1640,neutral
1641,negative
1642,neutral
1643,positive
1644,positive
1645,positive
1646,neutral
1647,negative
1648,negative
1649,negative
1650,neutral
1651,positive
1652,neutral
1653,positive
1654,neutral
1655,neutral
1656,neutral
1657,positive
1658,positive
1659,positive
1660,neutral
1661,negative
1662,positive
1663,positive
1664,negative
1665,negative
1666,positive
1667,neutral
1668,positive
1669,positive
1670,negative
1671,neutral
1672,neutral
1673,neutral
1674,positive
1675,neutral
1676,neutral
1677,positive
1678,neutral
1679,positive
1680,negative
1681,negative
1682,positive
1683,positive
1684,negative
1685,neutral
1686,neutral
1687,neutral
1688,neutral
1689,positive
1690,positive
1691,positive
1692,positive
1693,neutral
1694,neutral
1695,neutral
1696,positive
1697,positive
1698,neutral
1699,neutral
1700,positive
1701,neutral
1702,neutral
1703,positive
1704,positive
1705,negative
1706,positive
1707,neutral
1708,positive
1709,neutral
1710,neutral
1711,negative
1712,neutral
1713,neutral
1714,neutral
1715,neutral
1716,positive
1717,negative
1718,negative
1719,positive
1720,neutral
1721,neutral
1722,positive
1723,neutral
1724,negative
1725,positive
1726,positive
1727,neutral
1728,negative
1729,positive
1730,positive
1731,neutral
1732,neutral
1733,neutral
1734,neutral
1735,neutral
1736,negative
1737,neutral
1738,neutral
1739,negative
1740,negative
1741,negative
1742,negative
1743,negative
1744,positive
1745,negative
1746,positive
1747,neutral
1748,positive
1749,neutral
1750,neutral
1751,positive
1752,negative
1753,positive
1754,negative
1755,neutral
1756,negative
1757,negative
1758,positive
1759,negative
1760,neutral
1761,positive
1762,neutral
1763,neutral
1764,negative
1765,neutral
1766,positive
1767,neutral
1768,neutral
1769,neutral
1770,positive
1771,neutral
1772,neutral
1773,neutral
1774,positive
1775,neutral
1776,negative
1777,positive
1778,neutral
1779,positive
1780,positive
1781,neutral
1782,positive
1783,negative
1784,neutral
1785,negative
1786,positive
1787,positive
1788,neutral
1789,negative
1790,positive
1791,positive
1792,neutral
1793,positive
1794,negative
1795,positive
1796,positive
1797,negative
1798,positive
1799,positive
1800,neutral
1801,positive
1802,neutral
1803,neutral
1804,neutral
1805,negative
1806,neutral
1807,neutral
1808,neutral
1809,negative
1810,neutral
1811,negative
1812,negative
1813,neutral
1814,neutral
1815,positive
1816,negative
1817,neutral
1818,positive
1819,negative
1820,positive
1821,negative
1822,positive
1823,positive
1824,positive
1825,positive
1826,negative
1827,neutral
1828,positive
1829,negative
1830,neutral
1831,neutral
1832,neutral
1833,positive
1834,positive
1835,negative
1836,neutral
1837,neutral
1838,neutral
1839,positive
1840,neutral
1841,neutral
1842,neutral
1843,positive
1844,neutral
1845,neutral
1846,neutral
1847,neutral
1848,positive
1849,negative
1850,negative
1851,neutral
1852,negative
1853,positive
1854,positive
1855,neutral
1856,neutral
1857,negative
1858,neutral
1859,neutral
1860,positive
1861,negative
1862,neutral
1863,neutral
1864,negative
1865,negative
1866,negative
1867,positive
1868,neutral
1869,positive
1870,negative
1871,neutral
1872,positive
1873,neutral
1874,positive
1875,positive
1876,neutral
1877,neutral
1878,positive
1879,positive
1880,neutral
1881,neutral
1882,negative
1883,negative
1884,neutral
1885,neutral
1886,neutral
1887,positive
1888,positive
1889,positive
1890,neutral
1891,neutral
1892,neutral
1893,negative
1894,neutral
1895,positive
1896,positive
1897,neutral
1898,neutral
1899,negative
1900,neutral
1901,negative
1902,positive
1903,positive
1904,positive
1905,positive
1906,neutral
1907,neutral
1908,positive
1909,positive
1910,neutral
1911,neutral
1912,neutral
1913,negative
1914,positive
1915,positive
1916,negative
1917,positive
1918,positive
1919,negative
1920,neutral
1921,neutral
1922,positive
1923,positive
1924,positive
1925,negative
1926,negative
1927,neutral
1928,negative
1929,negative
1930,negative
1931,neutral
1932,neutral
1933,negative
1934,negative
1935,neutral
1936,neutral
1937,neutral
1938,negative
1939,neutral
1940,neutral
1941,positive
1942,negative
1943,neutral
1944,neutral
1945,neutral
1946,positive
1947,negative
1948,neutral
1949,positive
1950,positive
1951,negative
1952,negative
1953,negative
1954,negative
1955,negative
1956,negative
1957,negative
1958,positive
1959,neutral
1960,neutral
1961,neutral
1962,negative
1963,neutral
1964,neutral
1965,negative
1966,positive
1967,positive
1968,neutral
1969,negative
1970,positive
1971,neutral
1972,positive
1973,neutral
1974,negative
1975,positive
1976,positive
1977,positive
1978,neutral
1979,positive
1980,neutral
1981,negative
1982,negative
1983,positive
1984,positive
1985,neutral
1986,positive
1987,neutral
1988,neutral
1989,neutral
1990,neutral
1991,negative
1992,positive
1993,negative
1994,negative
1995,negative
1996,negative
1997,negative
1998,neutral
1999,negative
2000,positive
2001,negative
2002,positive
2003,negative
2004,neutral
2005,neutral
2006,negative
2007,positive
2008,positive
2009,neutral
2010,neutral
2011,positive
2012,neutral
2013,positive
2014,neutral
2015,negative
2016,neutral
2017,neutral
2018,positive
2019,neutral
2020,positive
2021,negative
2022,neutral
2023,neutral
2024,positive
2025,positive
2026,negative
2027,negative
2028,neutral
2029,neutral
2030,neutral
2031,positive
2032,positive
2033,positive
2034,neutral
2035,neutral
2036,positive
2037,neutral
2038,negative
2039,neutral
2040,neutral
2041,positive
2042,neutral
2043,positive
2044,negative
2045,negative
2046,negative
2047,neutral
2048,neutral
2049,neutral
2050,neutral
2051,neutral
2052,neutral
2053,negative
2054,positive
2055,positive
2056,neutral
2057,neutral
2058,positive
2059,negative
2060,neutral
2061,negative
2062,positive
2063,positive
2064,neutral
2065,neutral
2066,positive
2067,negative
2068,negative
2069,negative
2070,neutral
2071,neutral
2072,neutral
2073,positive
2074,positive
2075,negative
2076,neutral
2077,positive
2078,positive
2079,positive
2080,positive
2081,positive
2082,neutral
2083,neutral
2084,positive
2085,neutral
2086,neutral
2087,positive
2088,positive
2089,neutral
2090,negative
2091,neutral
2092,negative
2093,neutral
2094,positive
2095,neutral
2096,neutral
2097,neutral
2098,neutral
2099,positive
2100,neutral
2101,neutral
2102,neutral
2103,negative
2104,negative
2105,neutral
2106,neutral
2107,neutral
2108,positive
2109,positive
2110,neutral
2111,negative
2112,neutral
2113,neutral
2114,neutral
2115,positive
2116,negative
2117,negative
2118,positive
2119,neutral
2120,neutral
2121,neutral
2122,negative
2123,neutral
2124,neutral
2125,neutral
2126,neutral
2127,neutral
2128,negative
2129,positive
2130,positive
2131,neutral
2132,neutral
2133,neutral
2134,negative
2135,negative
2136,neutral
2137,positive
2138,negative
2139,negative
2140,positive
2141,negative
2142,neutral
2143,neutral
2144,positive
2145,positive
2146,positive
2147,neutral
2148,neutral
2149,positive
2150,negative
2151,neutral
2152,positive
2153,positive
2154,neutral
2155,negative
2156,neutral
2157,negative
2158,positive
2159,positive
2160,negative
2161,neutral
2162,neutral
2163,neutral
2164,neutral
2165,positive
2166,positive
2167,neutral
2168,neutral
2169,neutral
2170,positive
2171,negative
2172,negative
2173,neutral
2174,negative
2175,neutral
2176,positive
2177,negative
2178,negative
2179,neutral
2180,neutral
2181,neutral
2182,neutral
2183,neutral
2184,negative
2185,positive
2186,positive
2187,positive
2188,neutral
2189,negative
2190,negative
2191,neutral
2192,negative
2193,neutral
2194,positive
2195,positive
2196,neutral
2197,neutral
2198,neutral
2199,negative
2200,neutral
2201,positive
2202,positive
2203,neutral
2204,negative
2205,positive
2206,positive
2207,neutral
2208,neutral
2209,neutral
2210,positive
2211,negative
2212,positive
2213,negative
2214,positive
2215,neutral
2216,neutral
2217,positive
2218,neutral
2219,neutral
2220,neutral
2221,negative
2222,negative
2223,neutral
2224,neutral
2225,neutral
2226,neutral
2227,negative
2228,negative
2229,neutral
2230,neutral
2231,neutral
2232,positive
2233,neutral
2234,negative
2235,positive
2236,neutral
2237,neutral
2238,positive
2239,neutral
2240,neutral
2241,neutral
2242,positive
2243,negative
2244,neutral
2245,neutral
2246,positive
2247,negative
2248,neutral
2249,neutral
2250,neutral
2251,negative
2252,positive
2253,positive
2254,positive
2255,neutral
2256,negative
2257,neutral
2258,neutral
2259,negative
2260,negative
2261,negative
2262,negative
2263,neutral
2264,positive
2265,positive
2266,negative
2267,negative
2268,neutral
2269,neutral
2270,neutral
2271,neutral
2272,positive
2273,positive
2274,neutral
2275,positive
2276,neutral
2277,neutral
2278,neutral
2279,positive
2280,negative
2281,neutral
2282,negative
2283,negative
2284,neutral
2285,neutral
2286,positive
2287,neutral
2288,positive
2289,negative
2290,negative
2291,negative
2292,positive
2293,neutral
2294,neutral
2295,neutral
2296,negative
2297,neutral
2298,neutral
2299,positive
2300,negative
2301,negative
2302,neutral
2303,neutral
2304,negative
2305,positive
2306,neutral
2307,neutral
2308,neutral
2309,negative
2310,positive
2311,positive
2312,negative
2313,neutral
2314,negative
2315,neutral
2316,negative
2317,negative
2318,neutral
2319,neutral
2320,negative
2321,neutral
2322,positive
2323,negative
2324,positive
2325,neutral
2326,positive
2327,neutral
2328,neutral
2329,positive
2330,neutral
2331,neutral
2332,neutral
2333,positive
2334,negative
2335,negative
2336,negative
2337,negative
2338,neutral
2339,neutral
2340,positive
2341,positive
2342,positive
2343,negative
2344,negative
2345,negative
2346,positive
2347,positive
2348,neutral
2349,negative
2350,neutral
2351,neutral
2352,neutral
2353,negative
2354,neutral
2355,negative
2356,positive
2357,positive
2358,neutral
2359,positive
2360,negative
2361,neutral
2362,negative
2363,neutral
2364,negative
2365,positive
2366,neutral
2367,positive
2368,positive
2369,neutral
2370,neutral
2371,neutral
2372,negative
2373,neutral
2374,negative
2375,negative
2376,negative
2377,negative
2378,neutral
2379,positive
2380,positive
2381,neutral
2382,neutral
2383,neutral
2384,neutral
2385,positive
2386,neutral
2387,negative
2388,positive
2389,neutral
2390,negative
2391,positive
2392,positive
2393,negative
2394,neutral
2395,positive
2396,positive
2397,negative
2398,neutral
2399,negative
2400,positive
2401,negative
2402,negative
2403,positive
2404,positive
2405,neutral
2406,neutral
2407,positive
2408,neutral
2409,neutral
2410,neutral
2411,negative
2412,negative
2413,positive
2414,neutral
2415,positive
2416,positive
2417,neutral
2418,positive
2419,neutral
2420,negative
2421,negative
2422,neutral
2423,positive
2424,positive
2425,positive
2426,positive
2427,positive
2428,positive
2429,negative
2430,positive
2431,neutral
2432,neutral
2433,neutral
2434,negative
2435,neutral
2436,positive
2437,neutral
2438,positive
2439,negative
2440,neutral
2441,neutral
2442,negative
2443,neutral
2444,neutral
2445,neutral
2446,positive
2447,neutral
2448,negative
2449,neutral
2450,neutral
2451,neutral
2452,positive
2453,negative
2454,neutral
2455,neutral
2456,neutral
2457,neutral
2458,neutral
2459,negative
2460,neutral
2461,negative
2462,negative
2463,neutral
2464,positive
2465,neutral
2466,neutral
2467,negative
2468,neutral
2469,negative
2470,negative
2471,positive
2472,neutral
2473,neutral
2474,positive
2475,neutral
2476,positive
2477,neutral
2478,neutral
2479,negative
2480,negative
2481,neutral
2482,positive
2483,positive
2484,negative
2485,neutral
2486,positive
2487,positive
2488,neutral
2489,negative
2490,positive
2491,neutral
2492,positive
2493,positive
2494,neutral
2495,positive
2496,negative
2497,neutral
2498,positive
2499,positive
2500,positive
2501,positive
2502,negative
2503,neutral
2504,positive
2505,positive
2506,negative
2507,positive
2508,positive
2509,positive
2510,negative
2511,positive
2512,negative
2513,positive
2514,neutral
2515,neutral
2516,neutral
2517,negative
2518,neutral
2519,neutral
2520,negative
2521,neutral
2522,neutral
2523,positive
2524,negative
2525,neutral
2526,neutral
2527,neutral
2528,neutral
2529,neutral
2530,neutral
2531,neutral
2532,negative
2533,positive
2534,positive
2535,positive
2536,positive
2537,neutral
2538,positive
2539,neutral
2540,positive
2541,positive
2542,neutral
2543,neutral
2544,negative
2545,neutral
2546,negative
2547,neutral
2548,negative
2549,neutral
2550,positive
2551,positive
2552,neutral
2553,positive
2554,neutral
2555,positive
2556,neutral
2557,positive
2558,positive
2559,neutral
2560,positive
2561,negative
2562,positive
2563,neutral
2564,positive
2565,positive
2566,positive
2567,positive
2568,positive
2569,neutral
2570,positive
2571,negative
2572,positive
2573,positive
2574,positive
2575,neutral
2576,positive
2577,neutral
2578,neutral
2579,neutral
2580,negative
2581,neutral
2582,negative
2583,neutral
2584,negative
2585,positive
2586,negative
2587,neutral
2588,positive
2589,neutral
2590,neutral
2591,positive
2592,neutral
2593,neutral
2594,negative
2595,neutral
2596,neutral
2597,positive
2598,positive
2599,neutral
2600,positive
2601,neutral
2602,positive
2603,negative
2604,neutral
2605,neutral
2606,positive
2607,negative
2608,neutral
2609,neutral
2610,positive
2611,positive
2612,neutral
2613,positive
2614,positive
2615,negative
2616,neutral
2617,positive
2618,positive
2619,neutral
2620,neutral
2621,neutral
2622,neutral
2623,negative
2624,positive
2625,negative
2626,negative
2627,neutral
2628,neutral
2629,neutral
2630,positive
2631,negative
2632,positive
2633,neutral
2634,positive
2635,negative
2636,positive
2637,positive
2638,neutral
2639,neutral
2640,neutral
2641,positive
2642,negative
2643,negative
2644,positive
2645,positive
2646,positive
2647,negative
2648,negative
2649,neutral
2650,positive
2651,positive
2652,neutral
2653,positive
2654,positive
2655,positive
2656,positive
2657,positive
2658,negative
2659,neutral
2660,neutral
2661,neutral
2662,neutral
2663,positive
2664,positive
2665,neutral
2666,neutral
2667,neutral
2668,negative
2669,negative
2670,positive
2671,neutral
2672,positive
2673,positive
2674,neutral
2675,positive
2676,positive
2677,neutral
2678,negative
2679,positive
2680,negative
2681,negative
2682,positive
2683,negative
2684,neutral
2685,positive
2686,neutral
2687,neutral
2688,neutral
2689,neutral
2690,neutral
2691,neutral
2692,neutral
2693,negative
2694,positive
2695,positive
2696,neutral
2697,neutral
2698,neutral
2699,neutral
2700,negative
2701,negative
2702,neutral
2703,negative
2704,negative
2705,neutral
2706,positive
2707,neutral
2708,positive
2709,neutral
2710,positive
2711,positive
2712,negative
2713,neutral
2714,negative
2715,positive
2716,positive
2717,positive
2718,neutral
2719,positive
2720,positive
2721,neutral
2722,negative
2723,positive
2724,neutral
2725,negative
2726,positive
2727,positive
2728,neutral
2729,neutral
2730,positive
2731,positive
2732,neutral
2733,positive
2734,neutral
2735,positive
2736,negative
2737,negative
2738,negative
2739,neutral
2740,neutral
2741,neutral
2742,neutral
2743,neutral
2744,neutral
2745,neutral
2746,positive
2747,positive
2748,negative
2749,positive
2750,negative
2751,negative
2752,neutral
2753,positive
2754,positive
2755,positive
2756,negative
2757,positive
2758,positive
2759,neutral
2760,negative
2761,neutral
2762,neutral
2763,positive
2764,negative
2765,neutral
2766,neutral
2767,negative
2768,positive
2769,positive
2770,neutral
2771,positive
2772,neutral
2773,neutral
2774,positive
2775,positive
2776,positive
2777,neutral
2778,positive
2779,positive
2780,negative
2781,positive
2782,positive
2783,neutral
2784,positive
2785,positive
2786,neutral
2787,neutral
2788,positive
2789,positive
2790,positive
2791,positive
2792,positive
2793,negative
2794,positive
2795,positive
2796,neutral
2797,neutral
2798,neutral
2799,neutral
2800,neutral
2801,neutral
2802,neutral
2803,neutral
2804,neutral
2805,negative
2806,negative
2807,neutral
2808,neutral
2809,negative
2810,negative
2811,negative
2812,neutral
2813,neutral
2814,neutral
2815,neutral
2816,positive
2817,positive
2818,neutral
2819,negative
2820,neutral
2821,negative
2822,neutral
2823,positive
2824,neutral
2825,neutral
2826,positive
2827,neutral
2828,positive
2829,positive
2830,neutral
2831,negative
2832,positive
2833,negative
2834,neutral
2835,neutral
2836,neutral
2837,neutral
2838,positive
2839,positive
2840,neutral
2841,positive
2842,positive
2843,positive
2844,positive
2845,neutral
2846,neutral
2847,neutral
2848,neutral
2849,positive
2850,neutral
2851,neutral
2852,negative
2853,positive
2854,neutral
2855,neutral
2856,negative
2857,neutral
2858,negative
2859,neutral
2860,neutral
2861,neutral
2862,neutral
2863,neutral
2864,neutral
2865,neutral
2866,negative
2867,positive
2868,negative
2869,negative
2870,neutral
2871,negative
2872,positive
2873,neutral
2874,neutral
2875,negative
2876,neutral
2877,neutral
2878,negative
2879,neutral
2880,negative
2881,neutral
2882,neutral
2883,positive
2884,negative
2885,neutral
2886,negative
2887,neutral
2888,positive
2889,positive
2890,negative
2891,neutral
2892,negative
2893,negative
2894,negative
2895,negative
2896,neutral
2897,negative
2898,neutral
2899,negative
2900,neutral
2901,neutral
2902,positive
2903,neutral
2904,neutral
2905,neutral
2906,positive
2907,neutral
2908,neutral
2909,negative
2910,neutral
2911,positive
2912,negative
2913,positive
2914,positive
2915,positive
2916,neutral
2917,positive
2918,neutral
2919,positive
2920,neutral
2921,negative
2922,neutral
2923,negative
2924,neutral
2925,neutral
2926,neutral
2927,negative
2928,negative
2929,positive
2930,positive
2931,neutral
2932,negative
2933,positive
2934,neutral
2935,positive
2936,positive
2937,negative
2938,neutral
2939,positive
2940,positive
2941,neutral
2942,neutral
2943,neutral
2944,neutral
2945,positive
2946,neutral
2947,neutral
2948,negative
2949,negative
2950,neutral
2951,neutral
2952,negative
2953,positive
2954,neutral
2955,neutral
2956,neutral
2957,negative
2958,neutral
2959,negative
2960,positive
2961,positive
2962,positive
2963,neutral
2964,neutral
2965,neutral
2966,negative
2967,neutral
2968,negative
2969,negative
2970,neutral
2971,positive
2972,neutral
2973,neutral
2974,negative
2975,negative
2976,positive
2977,neutral
2978,neutral
2979,negative
2980,negative
2981,negative
2982,neutral
2983,negative
2984,neutral
2985,positive
2986,neutral
2987,positive
2988,negative
2989,negative
2990,positive
2991,negative
2992,positive
2993,negative
2994,negative
2995,negative
2996,positive
2997,positive
2998,positive
2999,negative
3000,negative
3001,neutral
3002,positive
3003,negative
3004,positive
3005,positive
3006,positive
3007,negative
3008,negative
3009,neutral
3010,positive
3011,neutral
3012,positive
3013,neutral
3014,neutral
3015,negative
3016,neutral
3017,negative
3018,neutral
3019,positive
3020,negative
3021,negative
3022,positive
3023,neutral
3024,positive
3025,positive
3026,neutral
3027,negative
3028,neutral
3029,neutral
3030,neutral
3031,positive
3032,negative
3033,negative
3034,positive
3035,negative
3036,neutral
3037,positive
3038,positive
3039,negative
3040,positive
3041,neutral
3042,neutral
3043,neutral
3044,negative
3045,negative
3046,positive
3047,neutral
3048,neutral
3049,neutral
3050,neutral
3051,positive
3052,neutral
3053,neutral
3054,negative
3055,neutral
3056,negative
3057,negative
3058,neutral
3059,positive
3060,neutral
3061,neutral
3062,neutral
3063,negative
3064,neutral
3065,neutral
3066,positive
3067,neutral
3068,positive
3069,negative
3070,neutral
3071,neutral
3072,neutral
3073,positive
3074,positive
3075,positive
3076,negative
3077,positive
3078,neutral
3079,neutral
3080,positive
3081,positive
3082,neutral
3083,negative
3084,neutral
3085,positive
3086,neutral
3087,neutral
3088,positive
3089,neutral
3090,neutral
3091,positive
3092,neutral
3093,negative
3094,neutral
3095,neutral
3096,negative
3097,negative
3098,negative
3099,neutral
3100,neutral
3101,neutral
3102,neutral
3103,positive
3104,neutral
3105,neutral
3106,positive
3107,positive
3108,positive
3109,neutral
3110,negative
3111,neutral
3112,positive
3113,neutral
3114,positive
3115,negative
3116,neutral
3117,negative
3118,neutral
3119,neutral
3120,neutral
3121,neutral
3122,negative
3123,positive
3124,positive
3125,neutral
3126,neutral
3127,positive
3128,positive
3129,neutral
3130,neutral
3131,positive
3132,neutral
3133,neutral
3134,negative
3135,neutral
3136,neutral
3137,positive
3138,positive
3139,neutral
3140,neutral
3141,neutral
3142,neutral
3143,neutral
3144,positive
3145,negative
3146,neutral
3147,negative
3148,neutral
3149,neutral
3150,negative
3151,neutral
3152,neutral
3153,negative
3154,positive
3155,negative
3156,neutral
3157,neutral
3158,positive
3159,positive
3160,positive
3161,positive
3162,positive
3163,neutral
3164,positive
3165,positive
3166,neutral
3167,negative
3168,negative
3169,neutral
3170,positive
3171,positive
3172,neutral
3173,neutral
3174,positive
3175,positive
3176,positive
3177,neutral
3178,positive
3179,negative
3180,neutral
3181,neutral
3182,neutral
3183,neutral
3184,neutral
3185,negative
3186,negative
3187,neutral
3188,neutral
3189,positive
3190,negative
3191,positive
3192,neutral
3193,neutral
3194,neutral
3195,negative
3196,neutral
3197,positive
3198,neutral
3199,positive
3200,negative
3201,positive
3202,neutral
3203,negative
3204,positive
3205,positive
3206,positive
3207,neutral
3208,negative
3209,negative
3210,negative
3211,neutral
3212,neutral
3213,positive
3214,positive
3215,negative
3216,neutral
3217,positive
3218,neutral
3219,neutral
3220,positive
3221,neutral
3222,neutral
3223,neutral
3224,positive
3225,positive
3226,neutral
3227,neutral
3228,negative
3229,positive
3230,neutral
3231,negative
3232,negative
3233,negative
3234,neutral
3235,neutral
3236,neutral
3237,neutral
3238,neutral
3239,neutral
3240,positive
3241,neutral
3242,negative
3243,negative
3244,negative
3245,neutral
3246,neutral
3247,neutral
3248,negative
3249,neutral
3250,neutral
3251,positive
3252,neutral
3253,positive
3254,neutral
3255,neutral
3256,negative
3257,positive
3258,neutral
3259,neutral
3260,neutral
3261,positive
3262,positive
3263,negative
3264,neutral
3265,neutral
3266,neutral
3267,positive
3268,neutral
3269,neutral
3270,negative
3271,negative
3272,positive
3273,neutral
3274,neutral
3275,negative
3276,neutral
3277,positive
3278,negative
3279,positive
3280,neutral
3281,positive
3282,positive
3283,neutral
3284,neutral
3285,negative
3286,neutral
3287,negative
3288,neutral
3289,neutral
3290,positive
3291,neutral
3292,positive
3293,negative
3294,negative
3295,negative
3296,neutral
3297,negative
3298,neutral
3299,negative
3300,neutral
3301,negative
3302,positive
3303,negative
3304,neutral
3305,neutral
3306,neutral
3307,neutral
3308,neutral
3309,neutral
3310,neutral
3311,neutral
3312,positive
3313,negative
3314,neutral
3315,neutral
3316,neutral
3317,neutral
3318,neutral
3319,positive
3320,neutral
3321,positive
3322,positive
3323,neutral
3324,positive
3325,neutral
3326,neutral
3327,neutral
3328,negative
3329,positive
3330,negative
3331,neutral
3332,positive
3333,neutral
3334,neutral
3335,neutral
3336,neutral
3337,neutral
3338,negative
3339,positive
3340,neutral
3341,negative
3342,positive
3343,neutral
3344,neutral
3345,negative
3346,neutral
3347,neutral
3348,negative
3349,positive
3350,neutral
3351,neutral
3352,neutral
3353,neutral
3354,neutral
3355,negative
3356,positive
3357,neutral
3358,neutral
3359,negative
3360,neutral
3361,negative
3362,positive
3363,neutral
3364,neutral
3365,neutral
3366,positive
3367,negative
3368,neutral
3369,positive
3370,positive
3371,neutral
3372,neutral
3373,neutral
3374,neutral
3375,neutral
3376,neutral
3377,positive
3378,positive
3379,positive
3380,positive
3381,positive
3382,neutral
3383,positive
3384,positive
3385,neutral
3386,neutral
3387,neutral
3388,negative
3389,positive
3390,neutral
3391,negative
3392,negative
3393,neutral
3394,positive
3395,neutral
3396,neutral
3397,positive
3398,positive
3399,neutral
3400,positive
3401,neutral
3402,negative
3403,positive
3404,neutral
3405,positive
3406,neutral
3407,neutral
3408,positive
3409,neutral
3410,neutral
3411,neutral
3412,negative
3413,neutral
3414,neutral
3415,neutral
3416,neutral
3417,negative
3418,neutral
3419,negative
3420,neutral
3421,positive
3422,negative
3423,neutral
3424,neutral
3425,positive
3426,positive
3427,positive
3428,neutral
3429,neutral
3430,neutral
3431,negative
3432,neutral
3433,neutral
3434,positive
3435,positive
3436,neutral
3437,positive
3438,negative
3439,negative
3440,neutral
3441,neutral
3442,positive
3443,neutral
3444,neutral
3445,neutral
3446,neutral
3447,neutral
3448,neutral
3449,neutral
3450,neutral
3451,neutral
3452,neutral
3453,negative
3454,negative
3455,negative
3456,negative
3457,neutral
3458,neutral
3459,negative
3460,neutral
3461,neutral
3462,positive
3463,neutral
3464,negative
3465,positive
3466,positive
3467,negative
3468,neutral
3469,neutral
3470,neutral
3471,negative
3472,negative
3473,positive
3474,negative
3475,neutral
3476,neutral
3477,positive
3478,negative
3479,negative
3480,positive
3481,neutral
3482,positive
3483,positive
3484,positive
3485,positive
3486,neutral
3487,positive
3488,neutral
3489,neutral
3490,positive
3491,negative
3492,neutral
3493,negative
3494,negative
3495,negative
3496,neutral
3497,neutral
3498,positive
3499,positive
3500,neutral
3501,negative
3502,negative
3503,negative
3504,neutral
3505,positive
3506,negative
3507,negative
3508,neutral
3509,positive
3510,negative
3511,neutral
3512,positive
3513,negative
3514,neutral
3515,neutral
3516,neutral
3517,neutral
3518,positive
3519,neutral
3520,neutral
3521,negative
3522,negative
3523,negative
3524,neutral
3525,neutral
3526,positive
3527,negative
3528,neutral
3529,negative
3530,negative
3531,positive
3532,neutral
3533,neutral
3534,positive
3535,neutral
3536,negative
3537,neutral
3538,positive
3539,positive
3540,neutral
3541,positive
3542,neutral
3543,neutral
3544,negative
3545,negative
3546,positive
3547,negative
3548,negative
3549,negative
3550,negative
3551,negative
3552,neutral
3553,positive
3554,positive
3555,positive
3556,neutral
3557,positive
3558,neutral
3559,negative
3560,negative
3561,positive
3562,positive
3563,negative
3564,positive
3565,negative
3566,positive
3567,neutral
3568,positive
3569,neutral
3570,positive
3571,positive
3572,positive
3573,positive
3574,negative
3575,positive
3576,negative
3577,negative
3578,neutral
3579,neutral
3580,positive
3581,negative
3582,negative
3583,negative
3584,neutral
3585,neutral
3586,positive
3587,neutral
3588,neutral
3589,positive
3590,neutral
3591,positive
3592,positive
3593,negative
3594,negative
3595,neutral
3596,negative
3597,neutral
3598,neutral
3599,neutral
3600,positive
3601,neutral
3602,neutral
3603,neutral
3604,neutral
3605,negative
3606,positive
3607,positive
3608,positive
3609,neutral
3610,negative
3611,negative
3612,neutral
3613,positive
3614,negative
3615,positive
3616,neutral
3617,positive
3618,neutral
3619,neutral
3620,neutral
3621,positive
3622,negative
3623,positive
3624,neutral
3625,neutral
3626,neutral
3627,positive
3628,positive
3629,positive
3630,negative
3631,neutral
3632,neutral
3633,negative
3634,neutral
3635,neutral
3636,negative
3637,negative
3638,positive
3639,negative
3640,positive
3641,negative
3642,neutral
3643,neutral
3644,neutral
3645,negative
3646,positive
3647,neutral
3648,positive
3649,positive
3650,positive
3651,neutral
3652,positive
3653,neutral
3654,negative
3655,negative
3656,positive
3657,neutral
3658,negative
3659,positive
3660,negative
3661,negative
3662,negative
3663,neutral
3664,neutral
3665,positive
3666,positive
3667,negative
3668,positive
3669,positive
3670,positive
3671,positive
3672,neutral
3673,neutral
3674,neutral
3675,positive
3676,positive
3677,positive
3678,negative
3679,neutral
3680,positive
3681,positive
3682,negative
3683,positive
3684,neutral
3685,negative
3686,neutral
3687,negative
3688,neutral
3689,neutral
3690,neutral
3691,neutral
3692,positive
3693,positive
3694,positive
3695,negative
3696,positive
3697,negative
3698,negative
3699,negative
3700,neutral
3701,negative
3702,positive
3703,positive
3704,neutral
3705,positive
3706,positive
3707,positive
3708,negative
3709,positive
3710,neutral
3711,negative
3712,positive
3713,negative
3714,negative
3715,neutral
3716,neutral
3717,positive
3718,neutral
3719,neutral
3720,negative
3721,negative
3722,neutral
3723,positive
3724,neutral
3725,neutral
3726,positive
3727,negative
3728,neutral
3729,neutral
3730,positive
3731,negative
3732,neutral
3733,positive
3734,neutral
3735,positive
3736,positive
3737,neutral
3738,neutral
3739,neutral
3740,positive
3741,negative
3742,neutral
3743,positive
3744,negative
3745,positive
3746,negative
3747,positive
3748,negative
3749,negative
3750,positive
3751,positive
3752,neutral
3753,negative
3754,neutral
3755,negative
3756,negative
3757,neutral
3758,positive
3759,neutral
3760,neutral
3761,neutral
3762,positive
3763,neutral
3764,positive
3765,negative
3766,positive
3767,neutral
3768,negative
3769,neutral
3770,negative
3771,positive
3772,negative
3773,positive
3774,neutral
3775,neutral
3776,positive
3777,positive
3778,positive
3779,neutral
3780,positive
3781,neutral
3782,neutral
3783,positive
3784,neutral
3785,negative
3786,neutral
3787,negative
3788,positive
3789,negative
3790,positive
3791,neutral
3792,neutral
3793,neutral
3794,positive
3795,negative
3796,neutral
3797,positive
3798,neutral
3799,positive
3800,positive
3801,positive
3802,positive
3803,neutral
3804,neutral
3805,negative
3806,negative
3807,positive
3808,positive
3809,negative
3810,neutral
3811,neutral
3812,neutral
3813,positive
3814,negative
3815,neutral
3816,neutral
3817,negative
3818,neutral
3819,negative
3820,positive
3821,neutral
3822,negative
3823,neutral
3824,neutral
3825,positive
3826,negative
3827,positive
3828,neutral
3829,positive
3830,neutral
3831,positive
3832,negative
3833,neutral
3834,neutral
3835,positive
3836,neutral
3837,neutral
3838,negative
3839,neutral
3840,positive
3841,negative
3842,negative
3843,positive
3844,neutral
3845,positive
3846,positive
3847,neutral
3848,positive
3849,neutral
3850,neutral
3851,positive
3852,positive
3853,positive
3854,positive
3855,neutral
3856,positive
3857,positive
3858,positive
3859,negative
3860,positive
3861,positive
3862,neutral
3863,negative
3864,positive
3865,positive
3866,positive
3867,positive
3868,neutral
3869,positive
3870,positive
3871,neutral
3872,positive
3873,positive
3874,negative
3875,neutral
3876,neutral
3877,positive
3878,negative
3879,neutral
3880,neutral
3881,neutral
3882,neutral
3883,neutral
3884,positive
3885,neutral
3886,negative
3887,positive
3888,neutral
3889,neutral
3890,neutral
3891,negative
3892,neutral
3893,negative
3894,neutral
3895,neutral
3896,positive
3897,neutral
3898,positive
3899,neutral
3900,positive
3901,negative
3902,positive
3903,neutral
3904,negative
3905,neutral
3906,neutral
3907,negative
3908,positive
3909,negative
3910,neutral
3911,neutral
3912,neutral
3913,neutral
3914,neutral
3915,negative
3916,positive
3917,neutral
3918,negative
3919,neutral
3920,negative
3921,neutral
3922,neutral
3923,positive
3924,positive
3925,positive
3926,negative
3927,positive
3928,negative
3929,neutral
3930,positive
3931,positive
3932,negative
3933,negative
3934,positive
3935,neutral
3936,negative
3937,neutral
3938,negative
3939,neutral
3940,positive
3941,neutral
3942,neutral
3943,positive
3944,negative
3945,neutral
3946,positive
3947,neutral
3948,neutral
3949,positive
3950,negative
3951,neutral
3952,positive
3953,negative
3954,negative
3955,positive
3956,negative
3957,positive
3958,positive
3959,negative
3960,neutral
3961,negative
3962,neutral
3963,neutral
3964,positive
3965,positive
3966,positive
3967,negative
3968,positive
3969,positive
3970,negative
3971,neutral
3972,positive
3973,neutral
3974,neutral
3975,neutral
3976,positive
3977,neutral
3978,neutral
3979,neutral
3980,positive
3981,neutral
3982,positive
3983,neutral
3984,neutral
3985,negative
3986,neutral
3987,negative
3988,neutral
3989,neutral
3990,positive
3991,neutral
3992,positive
3993,positive
3994,positive
3995,neutral
3996,positive
3997,neutral
3998,neutral
3999,positive
4000,neutral
4001,neutral
4002,neutral
4003,positive
4004,negative
4005,neutral
4006,neutral
4007,neutral
4008,neutral
4009,neutral
4010,positive
4011,neutral
4012,neutral
4013,positive
4014,positive
4015,neutral
4016,positive
4017,neutral
4018,neutral
4019,positive
4020,positive
4021,positive
4022,neutral
4023,neutral
4024,neutral
4025,neutral
4026,negative
4027,neutral
4028,positive
4029,negative
4030,neutral
4031,negative
4032,neutral
4033,positive
4034,negative
4035,positive
4036,neutral
4037,neutral
4038,negative
4039,positive
4040,positive
4041,positive
4042,positive
4043,neutral
4044,neutral
4045,negative
4046,neutral
4047,negative
4048,positive
4049,negative
4050,neutral
4051,neutral
4052,positive
4053,positive
4054,neutral
4055,positive
4056,neutral
4057,neutral
4058,positive
4059,neutral
4060,neutral
4061,neutral
4062,negative
4063,neutral
4064,positive
4065,neutral
4066,neutral
4067,neutral
4068,neutral
4069,negative
4070,negative
4071,negative
4072,positive
4073,positive
4074,neutral
4075,positive
4076,positive
4077,positive
4078,negative
4079,neutral
4080,neutral
4081,neutral
4082,negative
4083,neutral
4084,negative
4085,negative
4086,neutral
4087,positive
4088,positive
4089,neutral
4090,neutral
4091,positive
4092,negative
4093,negative
4094,neutral
4095,neutral
4096,neutral
4097,neutral
4098,positive
4099,positive
4100,neutral
4101,positive
4102,neutral
4103,negative
4104,positive
4105,negative
4106,neutral
4107,negative
4108,negative
4109,neutral
4110,positive
4111,negative
4112,negative
4113,positive
4114,positive
4115,negative
4116,neutral
4117,neutral
4118,neutral
4119,negative
4120,positive
4121,positive
4122,positive
4123,neutral
4124,neutral
4125,positive
4126,negative
4127,neutral
4128,negative
4129,neutral
4130,neutral
4131,positive
4132,neutral
4133,neutral
4134,negative
4135,negative
4136,neutral
4137,neutral
4138,negative
4139,negative
4140,positive
4141,neutral
4142,neutral
4143,negative
4144,neutral
4145,negative
4146,neutral
4147,neutral
4148,negative
4149,positive
4150,neutral
4151,positive
4152,neutral
4153,neutral
4154,negative
4155,neutral
4156,neutral
4157,neutral
4158,negative
4159,negative
4160,neutral
4161,negative
4162,positive
4163,positive
4164,positive
4165,positive
4166,neutral
4167,neutral
4168,neutral
4169,neutral
4170,positive
4171,positive
4172,positive
4173,negative
4174,negative
4175,neutral
4176,neutral
4177,negative
4178,neutral
4179,positive
4180,positive
4181,positive
4182,neutral
4183,neutral
4184,positive
4185,positive
4186,negative
4187,negative
4188,neutral
4189,neutral
4190,neutral
4191,neutral
4192,negative
4193,negative
4194,neutral
4195,neutral
4196,positive
4197,neutral
4198,positive
4199,positive
4200,negative
4201,neutral
4202,neutral
4203,negative
4204,negative
4205,neutral
4206,positive
4207,neutral
4208,neutral
4209,positive
4210,positive
4211,neutral
4212,neutral
4213,positive
4214,positive
4215,positive
4216,positive
4217,neutral
4218,positive
4219,negative
4220,positive
4221,negative
4222,positive
4223,negative
4224,positive
4225,negative
4226,negative
4227,negative
4228,neutral
4229,negative
4230,positive
4231,neutral
4232,positive
4233,neutral
4234,positive
4235,negative
4236,neutral
4237,neutral
4238,neutral
4239,negative
4240,neutral
4241,positive
4242,neutral
4243,positive
4244,positive
4245,positive
4246,negative
4247,neutral
4248,positive
4249,neutral
4250,neutral
4251,negative
4252,negative
4253,negative
4254,neutral
4255,positive
4256,positive
4257,negative
4258,neutral
4259,neutral
4260,positive
4261,neutral
4262,positive
4263,positive
4264,neutral
4265,neutral
4266,neutral
4267,neutral
4268,negative
4269,positive
4270,negative
4271,negative
4272,positive
4273,negative
4274,neutral
4275,neutral
4276,positive
4277,positive
4278,negative
4279,positive
4280,positive
4281,positive
4282,positive
4283,positive
4284,neutral
4285,neutral
4286,neutral
4287,neutral
4288,positive
4289,negative
4290,neutral
4291,negative
4292,positive
4293,positive
4294,positive
4295,negative
4296,positive
4297,negative
4298,neutral
4299,negative
4300,negative
4301,negative
4302,negative
4303,negative
4304,negative
4305,positive
4306,negative
4307,positive
4308,neutral
4309,positive
4310,neutral
4311,neutral
4312,positive
4313,neutral
4314,neutral
4315,neutral
4316,positive
4317,positive
4318,negative
4319,negative
4320,positive
4321,positive
4322,neutral
4323,neutral
4324,positive
4325,negative
4326,positive
4327,positive
4328,neutral
4329,positive
4330,neutral
4331,negative
4332,positive
4333,neutral
4334,negative
4335,positive
4336,positive
4337,neutral
4338,positive
4339,negative
4340,neutral
4341,negative
4342,negative
4343,positive
4344,negative
4345,positive
4346,positive
4347,positive
4348,positive
4349,neutral
4350,positive
4351,negative
4352,positive
4353,negative
4354,neutral
4355,negative
4356,neutral
4357,neutral
4358,neutral
4359,positive
4360,neutral
4361,negative
4362,neutral
4363,neutral
4364,positive
4365,negative
4366,neutral
4367,negative
4368,negative
4369,positive
4370,positive
4371,neutral
4372,negative
4373,neutral
4374,positive
4375,positive
4376,neutral
4377,positive
4378,negative
4379,negative
4380,positive
4381,negative
4382,positive
4383,negative
4384,positive
4385,positive
4386,positive
4387,neutral
4388,neutral
4389,negative
4390,negative
4391,neutral
4392,negative
4393,negative
4394,neutral
4395,negative
4396,neutral
4397,positive
4398,negative
4399,negative
4400,negative
4401,positive
4402,negative
4403,negative
4404,negative
4405,positive
4406,positive
4407,positive
4408,positive
4409,neutral
4410,positive
4411,neutral
4412,negative
4413,positive
4414,neutral
4415,neutral
4416,neutral
4417,neutral
4418,positive
4419,positive
4420,positive
4421,negative
4422,negative
4423,positive
4424,neutral
4425,neutral
4426,neutral
4427,neutral
4428,neutral
4429,positive
4430,neutral
4431,positive
4432,negative
4433,negative
4434,negative
4435,neutral
4436,neutral
4437,positive
4438,positive
4439,negative
4440,neutral
4441,neutral
4442,positive
4443,positive
4444,negative
4445,positive
4446,negative
4447,positive
4448,positive
4449,neutral
4450,positive
4451,neutral
4452,neutral
4453,negative
4454,neutral
4455,positive
4456,negative
4457,negative
4458,neutral
4459,neutral
4460,positive
4461,neutral
4462,neutral
4463,neutral
4464,negative
4465,negative
4466,neutral
4467,neutral
4468,negative
4469,negative
4470,neutral
4471,positive
4472,positive
4473,positive
4474,negative
4475,negative
4476,positive
4477,positive
4478,positive
4479,negative
4480,positive
4481,neutral
4482,negative
4483,neutral
4484,positive
4485,negative
4486,positive
4487,neutral
4488,neutral
4489,neutral
4490,negative
4491,neutral
4492,neutral
4493,positive
4494,negative
4495,neutral
4496,negative
4497,neutral
4498,neutral
4499,neutral
4500,positive
4501,neutral
4502,neutral
4503,negative
4504,positive
4505,negative
4506,neutral
4507,neutral
4508,positive
4509,positive
4510,positive
4511,positive
4512,positive
4513,negative
4514,neutral
4515,positive
4516,neutral
4517,negative
4518,negative
4519,neutral
4520,neutral
4521,neutral
4522,negative
4523,neutral
4524,neutral
4525,neutral
4526,negative
4527,positive
4528,negative
4529,neutral
4530,negative
4531,neutral
4532,negative
4533,positive
4534,neutral
4535,negative
4536,positive
4537,neutral
4538,neutral
4539,neutral
4540,positive
4541,positive
4542,neutral
4543,neutral
4544,neutral
4545,positive
4546,negative
4547,positive
4548,positive
4549,neutral
4550,neutral
4551,positive
4552,positive
4553,neutral
4554,positive
4555,negative
4556,positive
4557,neutral
4558,negative
4559,positive
4560,negative
4561,neutral
4562,neutral
4563,neutral
4564,neutral
4565,positive
4566,neutral
4567,negative
4568,neutral
4569,neutral
4570,negative
4571,neutral
4572,positive
4573,neutral
4574,negative
4575,neutral
4576,positive
4577,neutral
4578,positive
4579,negative
4580,negative
4581,positive
4582,positive
4583,neutral
4584,neutral
4585,positive
4586,positive
4587,neutral
4588,positive
4589,neutral
4590,positive
4591,neutral
4592,positive
4593,positive
4594,negative
4595,neutral
4596,neutral
4597,positive
4598,neutral
4599,negative
4600,neutral
4601,neutral
4602,neutral
4603,negative
4604,neutral
4605,positive
4606,positive
4607,positive
4608,neutral
4609,neutral
4610,positive
4611,positive
4612,neutral
4613,neutral
4614,negative
4615,positive
4616,neutral
4617,neutral
4618,neutral
4619,neutral
4620,neutral
4621,positive
4622,negative
4623,neutral
4624,negative
4625,positive
4626,negative
4627,positive
4628,negative
4629,positive
4630,negative
4631,neutral
4632,positive
4633,negative
4634,neutral
4635,neutral
4636,neutral
4637,neutral
4638,positive
4639,positive
4640,neutral
4641,neutral
4642,negative
4643,negative
4644,neutral
4645,neutral
4646,neutral
4647,neutral
4648,neutral
4649,neutral
4650,negative
4651,positive
4652,positive
4653,neutral
4654,neutral
4655,negative
4656,negative
4657,negative
4658,neutral
4659,positive
4660,negative
4661,neutral
4662,neutral
4663,neutral
4664,positive
4665,negative
4666,neutral
4667,neutral
4668,positive
4669,positive
4670,negative
4671,neutral
4672,negative
4673,positive
4674,negative
4675,neutral
4676,neutral
4677,neutral
4678,positive
4679,negative
4680,negative
4681,positive
4682,positive
4683,negative
4684,neutral
4685,neutral
4686,neutral
4687,negative
4688,positive
4689,neutral
4690,positive
4691,neutral
4692,neutral
4693,negative
4694,neutral
4695,positive
4696,neutral
4697,negative
4698,negative
4699,neutral
4700,negative
4701,neutral
4702,neutral
4703,positive
4704,positive
4705,positive
4706,positive
4707,negative
4708,neutral
4709,neutral
4710,positive
4711,positive
4712,neutral
4713,neutral
4714,negative
4715,positive
4716,neutral
4717,positive
4718,positive
4719,positive
4720,neutral
4721,negative
4722,positive
4723,neutral
4724,positive
4725,positive
4726,neutral
4727,neutral
4728,negative
4729,neutral
4730,neutral
4731,positive
4732,negative
4733,negative
4734,positive
4735,neutral
4736,neutral
4737,negative
4738,negative
4739,negative
4740,negative
4741,negative
4742,negative
4743,negative
4744,positive
4745,neutral
4746,neutral
4747,positive
4748,negative
4749,neutral
4750,neutral
4751,positive
4752,positive
4753,positive
4754,neutral
4755,negative
4756,positive
4757,neutral
4758,negative
4759,neutral
4760,positive
4761,positive
4762,neutral
4763,positive
4764,neutral
4765,neutral
4766,neutral
4767,positive
4768,neutral
4769,negative
4770,positive
4771,neutral
4772,positive
4773,negative
4774,negative
4775,neutral
4776,neutral
4777,positive
4778,negative
4779,negative
4780,neutral
4781,positive
4782,neutral
4783,positive
4784,negative
4785,positive
4786,positive
4787,negative
4788,positive
4789,negative
4790,neutral
4791,positive
4792,negative
4793,neutral
4794,positive
4795,negative
4796,neutral
4797,positive
4798,neutral
4799,positive
4800,positive
4801,negative
4802,positive
4803,neutral
4804,negative
4805,positive
4806,neutral
4807,positive
4808,positive
4809,positive
4810,neutral
4811,neutral
4812,positive
4813,positive
4814,neutral
4815,positive
4816,neutral
4817,positive
4818,neutral
4819,positive
4820,neutral
4821,neutral
4822,positive
4823,negative
4824,positive
4825,negative
4826,neutral
4827,negative
4828,neutral
4829,positive
4830,negative
4831,positive
4832,neutral
4833,positive
4834,negative
4835,positive
4836,positive
4837,positive
4838,negative
4839,positive
4840,positive
4841,neutral
4842,neutral
4843,negative
4844,neutral
4845,neutral
4846,positive
4847,positive
4848,negative
4849,neutral
4850,positive
4851,positive
4852,neutral
4853,neutral
4854,negative
4855,neutral
4856,positive
4857,positive
4858,neutral
4859,positive
4860,negative
4861,negative
4862,neutral
4863,neutral
4864,positive
4865,neutral
4866,negative
4867,negative
4868,negative
4869,neutral
4870,neutral
4871,positive
4872,positive
4873,negative
4874,neutral
4875,negative
4876,neutral
4877,negative
4878,neutral
4879,positive
4880,positive
4881,neutral
4882,negative
4883,positive
4884,neutral
4885,positive
4886,neutral
4887,neutral
4888,negative
4889,positive
4890,positive
4891,negative
4892,negative
4893,neutral
4894,positive
4895,negative
4896,positive
4897,negative
4898,negative
4899,positive
4900,negative
4901,neutral
4902,neutral
4903,positive
4904,neutral
4905,positive
4906,negative
4907,neutral
4908,neutral
4909,positive
4910,neutral
4911,neutral
4912,neutral
4913,negative
4914,positive
4915,negative
4916,negative
4917,positive
4918,neutral
4919,positive
4920,positive
4921,negative
4922,negative
4923,negative
4924,neutral
4925,positive
4926,neutral
4927,negative
4928,negative
4929,negative
4930,neutral
4931,neutral
4932,positive
4933,negative
4934,negative
4935,neutral
4936,positive
4937,positive
4938,negative
4939,negative
4940,positive
4941,neutral
4942,positive
4943,positive
4944,negative
4945,neutral
4946,positive
4947,negative
4948,neutral
4949,positive
4950,neutral
4951,neutral
4952,positive
4953,positive
4954,positive
4955,neutral
4956,neutral
4957,neutral
4958,neutral
4959,neutral
4960,positive
4961,positive
4962,positive
4963,neutral
4964,negative
4965,neutral
4966,negative
4967,neutral
4968,negative
4969,neutral
4970,positive
4971,positive
4972,neutral
4973,negative
4974,negative
4975,neutral
4976,negative
4977,negative
4978,neutral
4979,neutral
4980,negative
4981,positive
4982,neutral
4983,neutral
4984,negative
4985,negative
4986,neutral
4987,neutral
4988,negative
4989,neutral
4990,positive
4991,positive
4992,neutral
4993,negative
4994,neutral
4995,neutral
4996,negative
4997,neutral
4998,negative
4999,positive
5000,neutral
5001,neutral
5002,positive
5003,neutral
5004,positive
5005,neutral
5006,positive
5007,neutral
5008,neutral
5009,negative
5010,neutral
5011,neutral
5012,neutral
5013,neutral
5014,positive
5015,negative
5016,negative
5017,negative
5018,neutral
5019,negative
5020,neutral
5021,negative
5022,negative
5023,positive
5024,neutral
5025,positive
5026,negative
5027,neutral
5028,negative
5029,positive
5030,neutral
5031,negative
5032,negative
5033,neutral
5034,negative
5035,negative
5036,neutral
5037,negative
5038,neutral
5039,positive
5040,neutral
5041,positive
5042,positive
5043,neutral
5044,positive
5045,negative
5046,positive
5047,neutral
5048,negative
5049,negative
5050,positive
5051,negative
5052,neutral
5053,neutral
5054,neutral
5055,neutral
5056,negative
5057,neutral
5058,positive
5059,neutral
5060,neutral
5061,negative
5062,positive
5063,neutral
5064,positive
5065,neutral
5066,positive
5067,negative
5068,neutral
5069,positive
5070,negative
5071,neutral
5072,neutral
5073,neutral
5074,negative
5075,neutral
5076,neutral
5077,positive
5078,neutral
5079,negative
5080,positive
5081,negative
5082,positive
5083,positive
5084,positive
5085,positive
5086,neutral
5087,neutral
5088,negative
5089,neutral
5090,neutral
5091,neutral
5092,neutral
5093,negative
5094,positive
5095,positive
5096,negative
5097,positive
5098,negative
5099,positive
5100,positive
5101,positive
5102,neutral
5103,neutral
5104,neutral
5105,positive
5106,neutral
5107,negative
5108,negative
5109,neutral
5110,positive
5111,neutral
5112,positive
5113,neutral
5114,negative
5115,negative
5116,positive
5117,positive
5118,neutral
5119,neutral
5120,negative
5121,neutral
5122,negative
5123,neutral
5124,neutral
5125,neutral
5126,neutral
5127,negative
5128,neutral
5129,neutral
5130,positive
5131,positive
5132,positive
5133,negative
5134,negative
5135,neutral
5136,neutral
5137,negative
5138,negative
5139,neutral
5140,negative
5141,positive
5142,neutral
5143,positive
5144,positive
5145,neutral
5146,negative
5147,negative
5148,neutral
5149,neutral
5150,neutral
5151,positive
5152,neutral
5153,negative
5154,neutral
5155,neutral
5156,neutral
5157,neutral
5158,neutral
5159,neutral
5160,positive
5161,neutral
5162,negative
5163,neutral
5164,neutral
5165,positive
5166,positive
5167,negative
5168,negative
5169,negative
5170,neutral
5171,positive
5172,positive
5173,negative
5174,neutral
5175,neutral
5176,neutral
5177,negative
5178,negative
5179,neutral
5180,neutral
5181,positive
5182,positive
5183,positive
5184,negative
5185,positive
5186,negative
5187,positive
5188,positive
5189,positive
5190,negative
5191,neutral
5192,positive
5193,neutral
5194,negative
5195,negative
5196,neutral
5197,positive
5198,positive
5199,positive
5200,negative
5201,positive
5202,neutral
5203,negative
5204,neutral
